[{"model": "contenttypes.contenttype", "pk": 1, "fields": {"app_label": "admin", "model": "logentry"}}, {"model": "contenttypes.contenttype", "pk": 2, "fields": {"app_label": "auth", "model": "permission"}}, {"model": "contenttypes.contenttype", "pk": 3, "fields": {"app_label": "auth", "model": "group"}}, {"model": "contenttypes.contenttype", "pk": 4, "fields": {"app_label": "contenttypes", "model": "contenttype"}}, {"model": "contenttypes.contenttype", "pk": 5, "fields": {"app_label": "sessions", "model": "session"}}, {"model": "contenttypes.contenttype", "pk": 6, "fields": {"app_label": "uni_system_api", "model": "uniuser"}}, {"model": "contenttypes.contenttype", "pk": 7, "fields": {"app_label": "uni_system_api", "model": "discipline"}}, {"model": "contenttypes.contenttype", "pk": 8, "fields": {"app_label": "uni_system_api", "model": "grade"}}, {"model": "contenttypes.contenttype", "pk": 9, "fields": {"app_label": "uni_system_api", "model": "group"}}, {"model": "contenttypes.contenttype", "pk": 10, "fields": {"app_label": "uni_system_api", "model": "teacherprofile"}}, {"model": "contenttypes.contenttype", "pk": 11, "fields": {"app_label": "uni_system_api", "model": "studentprofile"}}, {"model": "contenttypes.contenttype", "pk": 12, "fields": {"app_label": "uni_system_api", "model": "role"}}, {"model": "contenttypes.contenttype", "pk": 13, "fields": {"app_label": "uni_system_api", "model": "major"}}, {"model": "contenttypes.contenttype", "pk": 14, "fields": {"app_label": "uni_system_api", "model": "disciplineschedule"}}, {"model": "contenttypes.contenttype", "pk": 15, "fields": {"app_label": "authtoken", "model": "token"}}, {"model": "contenttypes.contenttype", "pk": 16, "fields": {"app_label": "uni_system_api", "model": "survey"}}, {"model": "contenttypes.contenttype", "pk": 17, "fields": {"app_label": "uni_system_api", "model": "answer"}}, {"model": "contenttypes.contenttype", "pk": 18, "fields": {"app_label": "uni_system_api", "model": "question"}}, {"model": "contenttypes.contenttype", "pk": 19, "fields": {"app_label": "uni_system_api", "model": "surveyresolvelog"}}, {"model": "contenttypes.contenttype", "pk": 20, "fields": {"app_label": "django_rest_passwordreset", "model": "resetpasswordtoken"}}, {"model": "contenttypes.contenttype", "pk": 21, "fields": {"app_label": "uni_system_api", "model": "authtokenpassreset"}}, {"model": "sessions.session", "pk": "3ycsn7lvui3z5ifi0s2aehsdn6gbr00u", "fields": {"session_data": "OGRjMGE2YTkwZTNiZDk0MWEwZDMxODhkMjUwMjc0YzZhZmY4NTM3NDp7Il9hdXRoX3VzZXJfaWQiOiIxIiwiX2F1dGhfdXNlcl9iYWNrZW5kIjoiZGphbmdvLmNvbnRyaWIuYXV0aC5iYWNrZW5kcy5Nb2RlbEJhY2tlbmQiLCJfYXV0aF91c2VyX2hhc2giOiIxYTMwOWU5NDAzMTZmNzgyNzFlOTMwZjkyMWNjY2EzODdhY2VhMGEzIn0=", "expire_date": "2019-12-04T14:58:54.921Z"}}, {"model": "sessions.session", "pk": "c2hknaynroojnv9l6rmool8s2t1n85g7", "fields": {"session_data": "OGRjMGE2YTkwZTNiZDk0MWEwZDMxODhkMjUwMjc0YzZhZmY4NTM3NDp7Il9hdXRoX3VzZXJfaWQiOiIxIiwiX2F1dGhfdXNlcl9iYWNrZW5kIjoiZGphbmdvLmNvbnRyaWIuYXV0aC5iYWNrZW5kcy5Nb2RlbEJhY2tlbmQiLCJfYXV0aF91c2VyX2hhc2giOiIxYTMwOWU5NDAzMTZmNzgyNzFlOTMwZjkyMWNjY2EzODdhY2VhMGEzIn0=", "expire_date": "2019-11-25T15:53:03.930Z"}}, {"model": "sessions.session", "pk": "dmvgvjfq8q181ljeoao7goqs8t6i5gyk", "fields": {"session_data": "OGRjMGE2YTkwZTNiZDk0MWEwZDMxODhkMjUwMjc0YzZhZmY4NTM3NDp7Il9hdXRoX3VzZXJfaWQiOiIxIiwiX2F1dGhfdXNlcl9iYWNrZW5kIjoiZGphbmdvLmNvbnRyaWIuYXV0aC5iYWNrZW5kcy5Nb2RlbEJhY2tlbmQiLCJfYXV0aF91c2VyX2hhc2giOiIxYTMwOWU5NDAzMTZmNzgyNzFlOTMwZjkyMWNjY2EzODdhY2VhMGEzIn0=", "expire_date": "2019-12-05T11:17:09.713Z"}}, {"model": "sessions.session", "pk": "nslcp7y3ttbeudhsksaxgwxmmymf3oqe", "fields": {"session_data": "N2Q2NjM3YTM3YmUxOTQwZjc3MjhkMGNkNmRjZGU5YmY2ZmFiYjcwNjp7Il9hdXRoX3VzZXJfaWQiOiIxIiwiX2F1dGhfdXNlcl9iYWNrZW5kIjoiZGphbmdvLmNvbnRyaWIuYXV0aC5iYWNrZW5kcy5Nb2RlbEJhY2tlbmQiLCJfYXV0aF91c2VyX2hhc2giOiIyNGM2YjRhYjRmN2JjNGM3MDU1N2UyNjI1NDU3OWJmMDA5YjBlYjBiIn0=", "expire_date": "2019-11-20T15:24:30.579Z"}}, {"model": "sessions.session", "pk": "ojifll2h21h29v2tfiszl84dj2k4eii2", "fields": {"session_data": "ZTcwMTU2OGVjNWMyN2M2N2NmYWUzMGFhNjNlNWVmODljMGM0ZmVlMzp7Il9hdXRoX3VzZXJfaWQiOiIxIiwiX2F1dGhfdXNlcl9iYWNrZW5kIjoiZGphbmdvLmNvbnRyaWIuYXV0aC5iYWNrZW5kcy5Nb2RlbEJhY2tlbmQiLCJfYXV0aF91c2VyX2hhc2giOiIwNGRmZWE4ZDQ1YjAyOGU1NDg2MTExY2Y0Y2M4YzE2OGIzNzBiN2RhIn0=", "expire_date": "2019-12-26T13:40:43.657Z"}}, {"model": "sessions.session", "pk": "ptmuxbhpkgz7mkgapqy075el9v79nxke", "fields": {"session_data": "OGRjMGE2YTkwZTNiZDk0MWEwZDMxODhkMjUwMjc0YzZhZmY4NTM3NDp7Il9hdXRoX3VzZXJfaWQiOiIxIiwiX2F1dGhfdXNlcl9iYWNrZW5kIjoiZGphbmdvLmNvbnRyaWIuYXV0aC5iYWNrZW5kcy5Nb2RlbEJhY2tlbmQiLCJfYXV0aF91c2VyX2hhc2giOiIxYTMwOWU5NDAzMTZmNzgyNzFlOTMwZjkyMWNjY2EzODdhY2VhMGEzIn0=", "expire_date": "2019-12-10T15:12:45.959Z"}}, {"model": "sessions.session", "pk": "s1sdc6y65oo2sonslbsg050mtrzbgs0v", "fields": {"session_data": "OGRjMGE2YTkwZTNiZDk0MWEwZDMxODhkMjUwMjc0YzZhZmY4NTM3NDp7Il9hdXRoX3VzZXJfaWQiOiIxIiwiX2F1dGhfdXNlcl9iYWNrZW5kIjoiZGphbmdvLmNvbnRyaWIuYXV0aC5iYWNrZW5kcy5Nb2RlbEJhY2tlbmQiLCJfYXV0aF91c2VyX2hhc2giOiIxYTMwOWU5NDAzMTZmNzgyNzFlOTMwZjkyMWNjY2EzODdhY2VhMGEzIn0=", "expire_date": "2019-12-05T09:23:13.838Z"}}, {"model": "sessions.session", "pk": "s1xzztxu0dyc24is6dpewfak0ngimlch", "fields": {"session_data": "N2Q2NjM3YTM3YmUxOTQwZjc3MjhkMGNkNmRjZGU5YmY2ZmFiYjcwNjp7Il9hdXRoX3VzZXJfaWQiOiIxIiwiX2F1dGhfdXNlcl9iYWNrZW5kIjoiZGphbmdvLmNvbnRyaWIuYXV0aC5iYWNrZW5kcy5Nb2RlbEJhY2tlbmQiLCJfYXV0aF91c2VyX2hhc2giOiIyNGM2YjRhYjRmN2JjNGM3MDU1N2UyNjI1NDU3OWJmMDA5YjBlYjBiIn0=", "expire_date": "2019-11-18T14:09:26.937Z"}}, {"model": "sessions.session", "pk": "up0xb2099nnqxryz5vkmqgi8tet076oi", "fields": {"session_data": "N2Q2NjM3YTM3YmUxOTQwZjc3MjhkMGNkNmRjZGU5YmY2ZmFiYjcwNjp7Il9hdXRoX3VzZXJfaWQiOiIxIiwiX2F1dGhfdXNlcl9iYWNrZW5kIjoiZGphbmdvLmNvbnRyaWIuYXV0aC5iYWNrZW5kcy5Nb2RlbEJhY2tlbmQiLCJfYXV0aF91c2VyX2hhc2giOiIyNGM2YjRhYjRmN2JjNGM3MDU1N2UyNjI1NDU3OWJmMDA5YjBlYjBiIn0=", "expire_date": "2019-11-21T11:07:52.413Z"}}, {"model": "sessions.session", "pk": "wjmm40tp2pj1oga5e1o86sxdtiqtk7cw", "fields": {"session_data": "N2Q2NjM3YTM3YmUxOTQwZjc3MjhkMGNkNmRjZGU5YmY2ZmFiYjcwNjp7Il9hdXRoX3VzZXJfaWQiOiIxIiwiX2F1dGhfdXNlcl9iYWNrZW5kIjoiZGphbmdvLmNvbnRyaWIuYXV0aC5iYWNrZW5kcy5Nb2RlbEJhY2tlbmQiLCJfYXV0aF91c2VyX2hhc2giOiIyNGM2YjRhYjRmN2JjNGM3MDU1N2UyNjI1NDU3OWJmMDA5YjBlYjBiIn0=", "expire_date": "2019-11-19T13:48:32.388Z"}}, {"model": "uni_system_api.role", "pk": 1, "fields": {}}, {"model": "uni_system_api.role", "pk": 2, "fields": {}}, {"model": "uni_system_api.discipline", "pk": 1, "fields": {"name": "SAA", "faculty": "FEA", "semester": 2}}, {"model": "uni_system_api.discipline", "pk": 2, "fields": {"name": "OS", "faculty": "FEA", "semester": 1}}, {"model": "uni_system_api.discipline", "pk": 3, "fields": {"name": "SS", "faculty": "FEA", "semester": 1}}, {"model": "uni_system_api.discipline", "pk": 4, "fields": {"name": "DS", "faculty": "FEA", "semester": 1}}, {"model": "uni_system_api.discipline", "pk": 5, "fields": {"name": "ASLS", "faculty": "FEA", "semester": 1}}, {"model": "uni_system_api.discipline", "pk": 6, "fields": {"name": "CST", "faculty": "FEA", "semester": 1}}, {"model": "uni_system_api.discipline", "pk": 7, "fields": {"name": "AST", "faculty": "FEA", "semester": 1}}, {"model": "uni_system_api.discipline", "pk": 8, "fields": {"name": "TB", "faculty": "FEA", "semester": 1}}, {"model": "uni_system_api.discipline", "pk": 9, "fields": {"name": "Fizichesko", "faculty": "FEA", "semester": 1}}, {"model": "uni_system_api.discipline", "pk": 10, "fields": {"name": "TES", "faculty": "FEA", "semester": 1}}, {"model": "uni_system_api.discipline", "pk": 11, "fields": {"name": "OESE", "faculty": "FEA", "semester": 1}}, {"model": "uni_system_api.discipline", "pk": 12, "fields": {"name": "English", "faculty": "FEA", "semester": 1}}, {"model": "uni_system_api.discipline", "pk": 13, "fields": {"name": "TAP", "faculty": "FEA", "semester": 1}}, {"model": "uni_system_api.disciplineschedule", "pk": 1, "fields": {"group": 1, "type_of": "P", "start": "2019-02-11T05:30:00Z", "end": "2019-02-11T07:15:00Z", "rrule_end": "2020-04-11T06:15:00Z", "discipline": 1}}, {"model": "uni_system_api.disciplineschedule", "pk": 2, "fields": {"group": 2, "type_of": "P", "start": "2019-02-11T11:30:00Z", "end": "2019-02-11T13:15:00Z", "rrule_end": "2020-04-11T13:15:00Z", "discipline": 2}}, {"model": "uni_system_api.disciplineschedule", "pk": 3, "fields": {"group": 2, "type_of": "P", "start": "2019-02-11T13:45:00Z", "end": "2019-02-11T15:30:00Z", "rrule_end": "2020-04-11T15:30:00Z", "discipline": 3}}, {"model": "uni_system_api.disciplineschedule", "pk": 4, "fields": {"group": 2, "type_of": "P", "start": "2019-02-11T13:45:00Z", "end": "2019-02-11T15:30:00Z", "rrule_end": "2020-04-11T15:30:00Z", "discipline": 4}}, {"model": "uni_system_api.disciplineschedule", "pk": 5, "fields": {"group": 2, "type_of": "P", "start": "2019-02-11T15:45:00Z", "end": "2019-02-11T17:30:00Z", "rrule_end": "2020-04-11T17:30:00Z", "discipline": 5}}, {"model": "uni_system_api.disciplineschedule", "pk": 6, "fields": {"group": 3, "type_of": "P", "start": "2019-02-11T09:30:00Z", "end": "2019-02-11T11:15:00Z", "rrule_end": "2020-04-11T11:15:00Z", "discipline": 5}}, {"model": "uni_system_api.disciplineschedule", "pk": 7, "fields": {"group": 3, "type_of": "P", "start": "2019-02-11T11:30:00Z", "end": "2019-02-11T13:15:00Z", "rrule_end": "2020-04-11T13:15:00Z", "discipline": 1}}, {"model": "uni_system_api.disciplineschedule", "pk": 8, "fields": {"group": 3, "type_of": "P", "start": "2019-02-11T13:45:00Z", "end": "2019-02-11T15:30:00Z", "rrule_end": "2020-04-11T15:30:00Z", "discipline": 4}}, {"model": "uni_system_api.disciplineschedule", "pk": 9, "fields": {"group": 3, "type_of": "P", "start": "2019-02-11T13:45:00Z", "end": "2019-02-11T15:30:00Z", "rrule_end": "2020-04-11T15:30:00Z", "discipline": 3}}, {"model": "uni_system_api.disciplineschedule", "pk": 10, "fields": {"group": 3, "type_of": "P", "start": "2019-02-11T15:45:00Z", "end": "2019-02-11T17:30:00Z", "rrule_end": "2020-04-11T17:30:00Z", "discipline": 2}}, {"model": "uni_system_api.disciplineschedule", "pk": 11, "fields": {"group": 1, "type_of": "P", "start": "2019-02-11T09:30:00Z", "end": "2019-02-11T11:15:00Z", "rrule_end": "2020-04-11T11:15:00Z", "discipline": 2}}, {"model": "uni_system_api.disciplineschedule", "pk": 12, "fields": {"group": 1, "type_of": "P", "start": "2019-02-11T11:30:00Z", "end": "2019-02-11T13:15:00Z", "rrule_end": "2020-04-11T13:15:00Z", "discipline": 5}}, {"model": "uni_system_api.disciplineschedule", "pk": 13, "fields": {"group": 1, "type_of": "P", "start": "2019-02-11T13:45:00Z", "end": "2019-02-11T15:30:00Z", "rrule_end": "2020-04-11T15:30:00Z", "discipline": 1}}, {"model": "uni_system_api.disciplineschedule", "pk": 14, "fields": {"group": 1, "type_of": "P", "start": "2019-02-11T15:45:00Z", "end": "2019-02-11T17:30:00Z", "rrule_end": "2020-04-11T17:30:00Z", "discipline": 3}}, {"model": "uni_system_api.disciplineschedule", "pk": 15, "fields": {"group": 1, "type_of": "P", "start": "2019-02-11T15:45:00Z", "end": "2019-02-11T17:30:00Z", "rrule_end": "2020-04-11T17:30:00Z", "discipline": 4}}, {"model": "uni_system_api.disciplineschedule", "pk": 16, "fields": {"group": 4, "type_of": "P", "start": "2019-02-11T13:45:00Z", "end": "2019-02-11T15:30:00Z", "rrule_end": "2020-04-11T15:30:00Z", "discipline": 2}}, {"model": "uni_system_api.disciplineschedule", "pk": 17, "fields": {"group": 4, "type_of": "P", "start": "2019-02-11T15:45:00Z", "end": "2019-02-11T17:30:00Z", "rrule_end": "2020-04-11T17:30:00Z", "discipline": 3}}, {"model": "uni_system_api.disciplineschedule", "pk": 18, "fields": {"group": 4, "type_of": "P", "start": "2019-02-11T15:45:00Z", "end": "2019-02-11T17:30:00Z", "rrule_end": "2020-04-11T17:30:00Z", "discipline": 4}}, {"model": "uni_system_api.disciplineschedule", "pk": 19, "fields": {"group": 5, "type_of": "P", "start": "2019-02-11T09:30:00Z", "end": "2019-02-11T11:15:00Z", "rrule_end": "2020-04-11T11:15:00Z", "discipline": 4}}, {"model": "uni_system_api.disciplineschedule", "pk": 20, "fields": {"group": 5, "type_of": "P", "start": "2019-02-11T11:30:00Z", "end": "2019-02-11T13:15:00Z", "rrule_end": "2020-04-11T13:15:00Z", "discipline": 3}}, {"model": "uni_system_api.disciplineschedule", "pk": 21, "fields": {"group": 5, "type_of": "P", "start": "2019-02-11T11:30:00Z", "end": "2019-02-11T13:15:00Z", "rrule_end": "2020-04-11T13:15:00Z", "discipline": 4}}, {"model": "uni_system_api.disciplineschedule", "pk": 22, "fields": {"group": 6, "type_of": "P", "start": "2019-02-11T09:30:00Z", "end": "2019-02-11T11:15:00Z", "rrule_end": "2020-04-11T11:15:00Z", "discipline": 4}}, {"model": "uni_system_api.disciplineschedule", "pk": 23, "fields": {"group": 6, "type_of": "P", "start": "2019-02-11T11:30:00Z", "end": "2019-02-11T13:15:00Z", "rrule_end": "2020-04-11T13:15:00Z", "discipline": 4}}, {"model": "uni_system_api.disciplineschedule", "pk": 24, "fields": {"group": 6, "type_of": "P", "start": "2019-02-11T11:30:00Z", "end": "2019-02-11T13:15:00Z", "rrule_end": "2020-04-11T13:15:00Z", "discipline": 3}}, {"model": "uni_system_api.disciplineschedule", "pk": 25, "fields": {"group": 6, "type_of": "P", "start": "2019-02-11T15:45:00Z", "end": "2019-02-11T17:30:00Z", "rrule_end": "2020-04-11T17:30:00Z", "discipline": 1}}, {"model": "uni_system_api.disciplineschedule", "pk": 26, "fields": {"group": 7, "type_of": "P", "start": "2019-02-11T09:30:00Z", "end": "2019-02-11T11:15:00Z", "rrule_end": "2020-04-11T11:15:00Z", "discipline": 3}}, {"model": "uni_system_api.disciplineschedule", "pk": 27, "fields": {"group": 7, "type_of": "L", "start": "2019-02-11T11:30:00Z", "end": "2019-02-11T13:15:00Z", "rrule_end": "2020-04-11T13:15:00Z", "discipline": 7}}, {"model": "uni_system_api.disciplineschedule", "pk": 28, "fields": {"group": 7, "type_of": "L", "start": "2019-02-11T13:45:00Z", "end": "2019-02-11T15:30:00Z", "rrule_end": "2020-04-11T15:30:00Z", "discipline": 6}}, {"model": "uni_system_api.disciplineschedule", "pk": 29, "fields": {"group": 7, "type_of": "P", "start": "2019-02-11T15:45:00Z", "end": "2019-02-11T17:30:00Z", "rrule_end": "2020-04-11T17:30:00Z", "discipline": 7}}, {"model": "uni_system_api.disciplineschedule", "pk": 30, "fields": {"group": 7, "type_of": "P", "start": "2019-02-11T15:45:00Z", "end": "2019-02-11T17:30:00Z", "rrule_end": "2020-04-11T17:30:00Z", "discipline": 6}}, {"model": "uni_system_api.disciplineschedule", "pk": 31, "fields": {"group": 8, "type_of": "P", "start": "2019-02-11T09:30:00Z", "end": "2019-02-11T11:15:00Z", "rrule_end": "2020-04-11T11:15:00Z", "discipline": 3}}, {"model": "uni_system_api.disciplineschedule", "pk": 32, "fields": {"group": 8, "type_of": "L", "start": "2019-02-11T11:30:00Z", "end": "2019-02-11T13:15:00Z", "rrule_end": "2020-04-11T13:15:00Z", "discipline": 7}}, {"model": "uni_system_api.disciplineschedule", "pk": 33, "fields": {"group": 8, "type_of": "L", "start": "2019-02-11T13:45:00Z", "end": "2019-02-11T15:30:00Z", "rrule_end": "2020-04-11T15:30:00Z", "discipline": 6}}, {"model": "uni_system_api.disciplineschedule", "pk": 34, "fields": {"group": 8, "type_of": "P", "start": "2019-02-11T15:45:00Z", "end": "2019-02-11T17:30:00Z", "rrule_end": "2020-04-11T17:30:00Z", "discipline": 7}}, {"model": "uni_system_api.disciplineschedule", "pk": 35, "fields": {"group": 8, "type_of": "P", "start": "2019-02-11T15:45:00Z", "end": "2019-02-11T17:30:00Z", "rrule_end": "2020-04-11T17:30:00Z", "discipline": 6}}, {"model": "uni_system_api.disciplineschedule", "pk": 36, "fields": {"group": 2, "type_of": "P", "start": "2019-02-12T09:30:00Z", "end": "2019-02-12T11:15:00Z", "rrule_end": "2020-04-12T11:15:00Z", "discipline": 8}}, {"model": "uni_system_api.disciplineschedule", "pk": 37, "fields": {"group": 3, "type_of": "P", "start": "2019-02-12T09:30:00Z", "end": "2019-02-12T11:15:00Z", "rrule_end": "2020-04-12T11:15:00Z", "discipline": 8}}, {"model": "uni_system_api.disciplineschedule", "pk": 38, "fields": {"group": 2, "type_of": "P", "start": "2019-02-12T11:30:00Z", "end": "2019-02-12T13:15:00Z", "rrule_end": "2020-04-12T13:15:00Z", "discipline": 9}}, {"model": "uni_system_api.disciplineschedule", "pk": 39, "fields": {"group": 3, "type_of": "P", "start": "2019-02-12T11:30:00Z", "end": "2019-02-12T13:15:00Z", "rrule_end": "2020-04-12T13:15:00Z", "discipline": 9}}, {"model": "uni_system_api.disciplineschedule", "pk": 40, "fields": {"group": 1, "type_of": "L", "start": "2019-02-12T13:45:00Z", "end": "2019-02-12T15:30:00Z", "rrule_end": "2020-04-12T15:30:00Z", "discipline": 3}}, {"model": "uni_system_api.disciplineschedule", "pk": 41, "fields": {"group": 2, "type_of": "L", "start": "2019-02-12T13:45:00Z", "end": "2019-02-12T15:30:00Z", "rrule_end": "2020-04-12T15:30:00Z", "discipline": 3}}, {"model": "uni_system_api.disciplineschedule", "pk": 42, "fields": {"group": 3, "type_of": "L", "start": "2019-02-12T13:45:00Z", "end": "2019-02-12T15:30:00Z", "rrule_end": "2020-04-12T15:30:00Z", "discipline": 3}}, {"model": "uni_system_api.disciplineschedule", "pk": 43, "fields": {"group": 4, "type_of": "L", "start": "2019-02-12T13:45:00Z", "end": "2019-02-12T15:30:00Z", "rrule_end": "2020-04-12T15:30:00Z", "discipline": 3}}, {"model": "uni_system_api.disciplineschedule", "pk": 44, "fields": {"group": 5, "type_of": "L", "start": "2019-02-12T13:45:00Z", "end": "2019-02-12T15:30:00Z", "rrule_end": "2020-04-12T15:30:00Z", "discipline": 3}}, {"model": "uni_system_api.disciplineschedule", "pk": 45, "fields": {"group": 6, "type_of": "L", "start": "2019-02-12T13:45:00Z", "end": "2019-02-12T15:30:00Z", "rrule_end": "2020-04-12T15:30:00Z", "discipline": 3}}, {"model": "uni_system_api.disciplineschedule", "pk": 46, "fields": {"group": 7, "type_of": "L", "start": "2019-02-12T13:45:00Z", "end": "2019-02-12T15:30:00Z", "rrule_end": "2020-04-12T15:30:00Z", "discipline": 3}}, {"model": "uni_system_api.disciplineschedule", "pk": 47, "fields": {"group": 8, "type_of": "L", "start": "2019-02-12T13:45:00Z", "end": "2019-02-12T15:30:00Z", "rrule_end": "2019-07-12T15:30:00Z", "discipline": 3}}, {"model": "uni_system_api.disciplineschedule", "pk": 48, "fields": {"group": 1, "type_of": "L", "start": "2019-02-12T15:45:00Z", "end": "2019-02-12T17:30:00Z", "rrule_end": "2020-04-12T17:30:00Z", "discipline": 5}}, {"model": "uni_system_api.disciplineschedule", "pk": 49, "fields": {"group": 2, "type_of": "L", "start": "2019-02-12T15:45:00Z", "end": "2019-02-12T17:30:00Z", "rrule_end": "2020-04-12T17:30:00Z", "discipline": 5}}, {"model": "uni_system_api.disciplineschedule", "pk": 50, "fields": {"group": 3, "type_of": "L", "start": "2019-02-12T15:45:00Z", "end": "2019-02-12T17:30:00Z", "rrule_end": "2020-04-12T17:30:00Z", "discipline": 5}}, {"model": "uni_system_api.disciplineschedule", "pk": 51, "fields": {"group": 4, "type_of": "L", "start": "2019-02-12T15:45:00Z", "end": "2019-02-12T17:30:00Z", "rrule_end": "2020-04-12T17:30:00Z", "discipline": 5}}, {"model": "uni_system_api.disciplineschedule", "pk": 52, "fields": {"group": 5, "type_of": "L", "start": "2019-02-12T15:45:00Z", "end": "2019-02-12T17:30:00Z", "rrule_end": "2020-04-12T17:30:00Z", "discipline": 5}}, {"model": "uni_system_api.disciplineschedule", "pk": 53, "fields": {"group": 6, "type_of": "L", "start": "2019-02-12T15:45:00Z", "end": "2019-02-12T17:30:00Z", "rrule_end": "2020-04-12T17:30:00Z", "discipline": 5}}, {"model": "uni_system_api.disciplineschedule", "pk": 54, "fields": {"group": 4, "type_of": "P", "start": "2019-02-12T09:30:00Z", "end": "2019-02-12T11:15:00Z", "rrule_end": "2020-04-12T11:15:00Z", "discipline": 5}}, {"model": "uni_system_api.disciplineschedule", "pk": 55, "fields": {"group": 5, "type_of": "P", "start": "2019-02-12T09:30:00Z", "end": "2019-02-12T11:15:00Z", "rrule_end": "2019-07-12T11:15:00Z", "discipline": 1}}, {"model": "uni_system_api.disciplineschedule", "pk": 56, "fields": {"group": 6, "type_of": "P", "start": "2019-02-12T09:30:00Z", "end": "2019-02-12T11:15:00Z", "rrule_end": "2020-04-12T11:15:00Z", "discipline": 2}}, {"model": "uni_system_api.disciplineschedule", "pk": 57, "fields": {"group": 7, "type_of": "L", "start": "2019-02-12T09:30:00Z", "end": "2019-02-12T11:15:00Z", "rrule_end": "2020-04-12T11:15:00Z", "discipline": 11}}, {"model": "uni_system_api.disciplineschedule", "pk": 58, "fields": {"group": 8, "type_of": "L", "start": "2019-02-12T09:30:00Z", "end": "2019-02-12T11:15:00Z", "rrule_end": "2020-04-12T11:15:00Z", "discipline": 11}}, {"model": "uni_system_api.disciplineschedule", "pk": 59, "fields": {"group": 4, "type_of": "P", "start": "2019-02-12T11:30:00Z", "end": "2019-02-12T13:15:00Z", "rrule_end": "2020-04-12T13:15:00Z", "discipline": 1}}, {"model": "uni_system_api.disciplineschedule", "pk": 60, "fields": {"group": 5, "type_of": "P", "start": "2019-02-12T11:30:00Z", "end": "2019-02-12T13:15:00Z", "rrule_end": "2020-04-12T13:15:00Z", "discipline": 2}}, {"model": "uni_system_api.disciplineschedule", "pk": 61, "fields": {"group": 6, "type_of": "P", "start": "2019-02-12T11:30:00Z", "end": "2019-02-12T13:15:00Z", "rrule_end": "2020-04-12T13:15:00Z", "discipline": 5}}, {"model": "uni_system_api.disciplineschedule", "pk": 62, "fields": {"group": 7, "type_of": "L", "start": "2019-02-12T11:30:00Z", "end": "2019-02-12T13:15:00Z", "rrule_end": "2020-04-12T13:15:00Z", "discipline": 10}}, {"model": "uni_system_api.disciplineschedule", "pk": 63, "fields": {"group": 8, "type_of": "L", "start": "2019-02-12T11:30:00Z", "end": "2019-02-12T13:15:00Z", "rrule_end": "2020-04-12T13:15:00Z", "discipline": 10}}, {"model": "uni_system_api.disciplineschedule", "pk": 64, "fields": {"group": 7, "type_of": "P", "start": "2019-02-12T15:45:00Z", "end": "2019-02-12T17:30:00Z", "rrule_end": "2020-04-12T15:30:00Z", "discipline": 9}}, {"model": "uni_system_api.disciplineschedule", "pk": 65, "fields": {"group": 8, "type_of": "P", "start": "2019-02-12T15:45:00Z", "end": "2019-02-12T17:30:00Z", "rrule_end": "2020-04-12T15:30:00Z", "discipline": 9}}, {"model": "uni_system_api.disciplineschedule", "pk": 66, "fields": {"group": 1, "type_of": "L", "start": "2019-02-13T09:30:00Z", "end": "2019-02-13T11:15:00Z", "rrule_end": "2020-04-13T11:15:00Z", "discipline": 4}}, {"model": "uni_system_api.disciplineschedule", "pk": 67, "fields": {"group": 2, "type_of": "L", "start": "2019-02-13T09:30:00Z", "end": "2019-02-13T11:15:00Z", "rrule_end": "2020-04-13T11:15:00Z", "discipline": 4}}, {"model": "uni_system_api.disciplineschedule", "pk": 68, "fields": {"group": 3, "type_of": "L", "start": "2019-02-13T09:30:00Z", "end": "2019-02-13T11:15:00Z", "rrule_end": "2020-04-13T11:15:00Z", "discipline": 4}}, {"model": "uni_system_api.disciplineschedule", "pk": 69, "fields": {"group": 4, "type_of": "L", "start": "2019-02-13T09:30:00Z", "end": "2019-02-13T11:15:00Z", "rrule_end": "2020-04-13T11:15:00Z", "discipline": 4}}, {"model": "uni_system_api.disciplineschedule", "pk": 70, "fields": {"group": 5, "type_of": "L", "start": "2019-02-13T09:30:00Z", "end": "2019-02-13T11:15:00Z", "rrule_end": "2020-04-13T11:15:00Z", "discipline": 4}}, {"model": "uni_system_api.disciplineschedule", "pk": 71, "fields": {"group": 6, "type_of": "L", "start": "2019-02-13T09:30:00Z", "end": "2019-02-13T11:15:00Z", "rrule_end": "2020-04-13T11:15:00Z", "discipline": 4}}, {"model": "uni_system_api.disciplineschedule", "pk": 72, "fields": {"group": 1, "type_of": "L", "start": "2019-02-13T11:30:00Z", "end": "2019-02-13T13:15:00Z", "rrule_end": "2020-04-13T13:15:00Z", "discipline": 2}}, {"model": "uni_system_api.disciplineschedule", "pk": 73, "fields": {"group": 2, "type_of": "L", "start": "2019-02-13T11:30:00Z", "end": "2019-02-13T13:15:00Z", "rrule_end": "2020-04-13T13:15:00Z", "discipline": 2}}, {"model": "uni_system_api.disciplineschedule", "pk": 74, "fields": {"group": 3, "type_of": "L", "start": "2019-02-13T11:30:00Z", "end": "2019-02-13T13:15:00Z", "rrule_end": "2020-04-13T13:15:00Z", "discipline": 2}}, {"model": "uni_system_api.disciplineschedule", "pk": 75, "fields": {"group": 4, "type_of": "L", "start": "2019-02-13T11:30:00Z", "end": "2019-02-13T13:15:00Z", "rrule_end": "2020-04-13T13:15:00Z", "discipline": 2}}, {"model": "uni_system_api.disciplineschedule", "pk": 76, "fields": {"group": 5, "type_of": "L", "start": "2019-02-13T11:30:00Z", "end": "2019-02-13T13:15:00Z", "rrule_end": "2020-04-13T13:15:00Z", "discipline": 2}}, {"model": "uni_system_api.disciplineschedule", "pk": 77, "fields": {"group": 6, "type_of": "L", "start": "2019-02-13T11:30:00Z", "end": "2019-02-13T13:15:00Z", "rrule_end": "2020-04-13T13:15:00Z", "discipline": 2}}, {"model": "uni_system_api.disciplineschedule", "pk": 78, "fields": {"group": 1, "type_of": "L", "start": "2019-02-13T13:45:00Z", "end": "2019-02-13T15:30:00Z", "rrule_end": "2020-04-13T15:30:00Z", "discipline": 1}}, {"model": "uni_system_api.disciplineschedule", "pk": 79, "fields": {"group": 2, "type_of": "L", "start": "2019-02-13T13:45:00Z", "end": "2019-02-13T15:30:00Z", "rrule_end": "2020-04-13T15:30:00Z", "discipline": 1}}, {"model": "uni_system_api.disciplineschedule", "pk": 80, "fields": {"group": 3, "type_of": "L", "start": "2019-02-13T13:45:00Z", "end": "2019-02-13T15:30:00Z", "rrule_end": "2020-04-13T15:30:00Z", "discipline": 1}}, {"model": "uni_system_api.disciplineschedule", "pk": 81, "fields": {"group": 4, "type_of": "L", "start": "2019-02-13T13:45:00Z", "end": "2019-02-13T15:30:00Z", "rrule_end": "2020-04-13T15:30:00Z", "discipline": 1}}, {"model": "uni_system_api.disciplineschedule", "pk": 82, "fields": {"group": 5, "type_of": "L", "start": "2019-02-13T13:45:00Z", "end": "2019-02-13T15:30:00Z", "rrule_end": "2020-04-13T15:30:00Z", "discipline": 1}}, {"model": "uni_system_api.disciplineschedule", "pk": 83, "fields": {"group": 6, "type_of": "L", "start": "2019-02-13T13:45:00Z", "end": "2019-02-13T15:30:00Z", "rrule_end": "2020-04-13T15:30:00Z", "discipline": 1}}, {"model": "uni_system_api.disciplineschedule", "pk": 84, "fields": {"group": 4, "type_of": "P", "start": "2019-02-13T15:45:00Z", "end": "2019-02-13T17:30:00Z", "rrule_end": "2020-04-13T17:30:00Z", "discipline": 9}}, {"model": "uni_system_api.disciplineschedule", "pk": 85, "fields": {"group": 5, "type_of": "P", "start": "2019-02-13T15:45:00Z", "end": "2019-02-13T17:30:00Z", "rrule_end": "2020-04-13T17:30:00Z", "discipline": 9}}, {"model": "uni_system_api.disciplineschedule", "pk": 86, "fields": {"group": 6, "type_of": "P", "start": "2019-02-13T15:45:00Z", "end": "2019-02-13T17:30:00Z", "rrule_end": "2020-04-13T17:30:00Z", "discipline": 9}}, {"model": "uni_system_api.disciplineschedule", "pk": 87, "fields": {"group": 7, "type_of": "L", "start": "2019-02-13T11:30:00Z", "end": "2019-02-13T13:15:00Z", "rrule_end": "2020-04-13T13:15:00Z", "discipline": 11}}, {"model": "uni_system_api.disciplineschedule", "pk": 88, "fields": {"group": 8, "type_of": "L", "start": "2019-02-13T13:45:00Z", "end": "2019-02-13T15:30:00Z", "rrule_end": "2020-04-13T15:30:00Z", "discipline": 11}}, {"model": "uni_system_api.grade", "pk": 1, "fields": {"discipline": 1, "grade": 2, "student": 2, "created": "2019-11-06T09:06:10.022Z", "updated": "2019-11-06T09:06:10.022Z"}}, {"model": "uni_system_api.grade", "pk": 2, "fields": {"discipline": 4, "grade": 4, "student": 2, "created": "2019-11-06T09:12:13.910Z", "updated": "2019-11-06T09:12:13.910Z"}}, {"model": "uni_system_api.grade", "pk": 3, "fields": {"discipline": 5, "grade": 3, "student": 2, "created": "2019-11-06T09:12:38.456Z", "updated": "2019-11-06T09:12:38.456Z"}}, {"model": "uni_system_api.group", "pk": 1, "fields": {"name": "42a", "major": 1}}, {"model": "uni_system_api.group", "pk": 2, "fields": {"name": "41a", "major": 1}}, {"model": "uni_system_api.group", "pk": 3, "fields": {"name": "41b", "major": 1}}, {"model": "uni_system_api.group", "pk": 4, "fields": {"name": "42b", "major": 1}}, {"model": "uni_system_api.group", "pk": 5, "fields": {"name": "43a", "major": 1}}, {"model": "uni_system_api.group", "pk": 6, "fields": {"name": "43b", "major": 1}}, {"model": "uni_system_api.group", "pk": 7, "fields": {"name": "44a", "major": 2}}, {"model": "uni_system_api.group", "pk": 8, "fields": {"name": "44b", "major": 2}}, {"model": "uni_system_api.major", "pk": 1, "fields": {"name": "KST", "faculty": "FEA"}}, {"model": "uni_system_api.major", "pk": 2, "fields": {"name": "E", "faculty": "FEA"}}, {"model": "uni_system_api.major", "pk": 3, "fields": {"name": "ET", "faculty": ""}}, {"model": "uni_system_api.major", "pk": 4, "fields": {"name": "ASD", "faculty": ""}}, {"model": "uni_system_api.survey", "pk": 3, "fields": {"title": "Servey", "major": 1, "is_active": true, "is_on_home": false, "created": "2019-11-08T15:25:37.505Z", "updated": "2019-11-08T15:25:37.505Z"}}, {"model": "uni_system_api.survey", "pk": 4, "fields": {"title": "\u0444\u043e\u0442\u044c\u043e\u0439\u043b \u0431\u0438\u0440\u0430", "major": 1, "is_active": true, "is_on_home": true, "created": "2019-11-15T15:01:29.123Z", "updated": "2019-11-15T15:01:29.123Z"}}, {"model": "uni_system_api.question", "pk": 1, "fields": {"title": "vypros 11", "required": true, "survey": 3}}, {"model": "uni_system_api.question", "pk": 2, "fields": {"title": "vypros 2", "required": true, "survey": 3}}, {"model": "uni_system_api.question", "pk": 3, "fields": {"title": "q0", "required": true, "survey": 4}}, {"model": "uni_system_api.question", "pk": 4, "fields": {"title": "q1", "required": true, "survey": 4}}, {"model": "uni_system_api.answer", "pk": 1, "fields": {"title": "otg na vypros 1 - 1", "question": 1}}, {"model": "uni_system_api.answer", "pk": 2, "fields": {"title": "otg na vypros 1 - 2", "question": 1}}, {"model": "uni_system_api.answer", "pk": 3, "fields": {"title": "otg na vypros 2 - 1", "question": 2}}, {"model": "uni_system_api.answer", "pk": 4, "fields": {"title": "otg na vypros 2 - 2", "question": 2}}, {"model": "uni_system_api.answer", "pk": 5, "fields": {"title": "q0-a0", "question": 3}}, {"model": "uni_system_api.answer", "pk": 6, "fields": {"title": "q0-a1", "question": 3}}, {"model": "uni_system_api.answer", "pk": 7, "fields": {"title": "q1-a0", "question": 4}}, {"model": "auth.permission", "pk": 1, "fields": {"name": "Can add log entry", "content_type": 1, "codename": "add_logentry"}}, {"model": "auth.permission", "pk": 2, "fields": {"name": "Can change log entry", "content_type": 1, "codename": "change_logentry"}}, {"model": "auth.permission", "pk": 3, "fields": {"name": "Can delete log entry", "content_type": 1, "codename": "delete_logentry"}}, {"model": "auth.permission", "pk": 4, "fields": {"name": "Can view log entry", "content_type": 1, "codename": "view_logentry"}}, {"model": "auth.permission", "pk": 5, "fields": {"name": "Can add permission", "content_type": 2, "codename": "add_permission"}}, {"model": "auth.permission", "pk": 6, "fields": {"name": "Can change permission", "content_type": 2, "codename": "change_permission"}}, {"model": "auth.permission", "pk": 7, "fields": {"name": "Can delete permission", "content_type": 2, "codename": "delete_permission"}}, {"model": "auth.permission", "pk": 8, "fields": {"name": "Can view permission", "content_type": 2, "codename": "view_permission"}}, {"model": "auth.permission", "pk": 9, "fields": {"name": "Can add group", "content_type": 3, "codename": "add_group"}}, {"model": "auth.permission", "pk": 10, "fields": {"name": "Can change group", "content_type": 3, "codename": "change_group"}}, {"model": "auth.permission", "pk": 11, "fields": {"name": "Can delete group", "content_type": 3, "codename": "delete_group"}}, {"model": "auth.permission", "pk": 12, "fields": {"name": "Can view group", "content_type": 3, "codename": "view_group"}}, {"model": "auth.permission", "pk": 13, "fields": {"name": "Can add content type", "content_type": 4, "codename": "add_contenttype"}}, {"model": "auth.permission", "pk": 14, "fields": {"name": "Can change content type", "content_type": 4, "codename": "change_contenttype"}}, {"model": "auth.permission", "pk": 15, "fields": {"name": "Can delete content type", "content_type": 4, "codename": "delete_contenttype"}}, {"model": "auth.permission", "pk": 16, "fields": {"name": "Can view content type", "content_type": 4, "codename": "view_contenttype"}}, {"model": "auth.permission", "pk": 17, "fields": {"name": "Can add session", "content_type": 5, "codename": "add_session"}}, {"model": "auth.permission", "pk": 18, "fields": {"name": "Can change session", "content_type": 5, "codename": "change_session"}}, {"model": "auth.permission", "pk": 19, "fields": {"name": "Can delete session", "content_type": 5, "codename": "delete_session"}}, {"model": "auth.permission", "pk": 20, "fields": {"name": "Can view session", "content_type": 5, "codename": "view_session"}}, {"model": "auth.permission", "pk": 21, "fields": {"name": "Can add user", "content_type": 6, "codename": "add_uniuser"}}, {"model": "auth.permission", "pk": 22, "fields": {"name": "Can change user", "content_type": 6, "codename": "change_uniuser"}}, {"model": "auth.permission", "pk": 23, "fields": {"name": "Can delete user", "content_type": 6, "codename": "delete_uniuser"}}, {"model": "auth.permission", "pk": 24, "fields": {"name": "Can view user", "content_type": 6, "codename": "view_uniuser"}}, {"model": "auth.permission", "pk": 25, "fields": {"name": "Can add discipline", "content_type": 7, "codename": "add_discipline"}}, {"model": "auth.permission", "pk": 26, "fields": {"name": "Can change discipline", "content_type": 7, "codename": "change_discipline"}}, {"model": "auth.permission", "pk": 27, "fields": {"name": "Can delete discipline", "content_type": 7, "codename": "delete_discipline"}}, {"model": "auth.permission", "pk": 28, "fields": {"name": "Can view discipline", "content_type": 7, "codename": "view_discipline"}}, {"model": "auth.permission", "pk": 29, "fields": {"name": "Can add grade", "content_type": 8, "codename": "add_grade"}}, {"model": "auth.permission", "pk": 30, "fields": {"name": "Can change grade", "content_type": 8, "codename": "change_grade"}}, {"model": "auth.permission", "pk": 31, "fields": {"name": "Can delete grade", "content_type": 8, "codename": "delete_grade"}}, {"model": "auth.permission", "pk": 32, "fields": {"name": "Can view grade", "content_type": 8, "codename": "view_grade"}}, {"model": "auth.permission", "pk": 33, "fields": {"name": "Can add group", "content_type": 9, "codename": "add_group"}}, {"model": "auth.permission", "pk": 34, "fields": {"name": "Can change group", "content_type": 9, "codename": "change_group"}}, {"model": "auth.permission", "pk": 35, "fields": {"name": "Can delete group", "content_type": 9, "codename": "delete_group"}}, {"model": "auth.permission", "pk": 36, "fields": {"name": "Can view group", "content_type": 9, "codename": "view_group"}}, {"model": "auth.permission", "pk": 37, "fields": {"name": "Can add teacher profile", "content_type": 10, "codename": "add_teacherprofile"}}, {"model": "auth.permission", "pk": 38, "fields": {"name": "Can change teacher profile", "content_type": 10, "codename": "change_teacherprofile"}}, {"model": "auth.permission", "pk": 39, "fields": {"name": "Can delete teacher profile", "content_type": 10, "codename": "delete_teacherprofile"}}, {"model": "auth.permission", "pk": 40, "fields": {"name": "Can view teacher profile", "content_type": 10, "codename": "view_teacherprofile"}}, {"model": "auth.permission", "pk": 41, "fields": {"name": "Can add student profile", "content_type": 11, "codename": "add_studentprofile"}}, {"model": "auth.permission", "pk": 42, "fields": {"name": "Can change student profile", "content_type": 11, "codename": "change_studentprofile"}}, {"model": "auth.permission", "pk": 43, "fields": {"name": "Can delete student profile", "content_type": 11, "codename": "delete_studentprofile"}}, {"model": "auth.permission", "pk": 44, "fields": {"name": "Can view student profile", "content_type": 11, "codename": "view_studentprofile"}}, {"model": "auth.permission", "pk": 45, "fields": {"name": "Can add role", "content_type": 12, "codename": "add_role"}}, {"model": "auth.permission", "pk": 46, "fields": {"name": "Can change role", "content_type": 12, "codename": "change_role"}}, {"model": "auth.permission", "pk": 47, "fields": {"name": "Can delete role", "content_type": 12, "codename": "delete_role"}}, {"model": "auth.permission", "pk": 48, "fields": {"name": "Can view role", "content_type": 12, "codename": "view_role"}}, {"model": "auth.permission", "pk": 49, "fields": {"name": "Can add major", "content_type": 13, "codename": "add_major"}}, {"model": "auth.permission", "pk": 50, "fields": {"name": "Can change major", "content_type": 13, "codename": "change_major"}}, {"model": "auth.permission", "pk": 51, "fields": {"name": "Can delete major", "content_type": 13, "codename": "delete_major"}}, {"model": "auth.permission", "pk": 52, "fields": {"name": "Can view major", "content_type": 13, "codename": "view_major"}}, {"model": "auth.permission", "pk": 53, "fields": {"name": "Can add discipline schedule", "content_type": 14, "codename": "add_disciplineschedule"}}, {"model": "auth.permission", "pk": 54, "fields": {"name": "Can change discipline schedule", "content_type": 14, "codename": "change_disciplineschedule"}}, {"model": "auth.permission", "pk": 55, "fields": {"name": "Can delete discipline schedule", "content_type": 14, "codename": "delete_disciplineschedule"}}, {"model": "auth.permission", "pk": 56, "fields": {"name": "Can view discipline schedule", "content_type": 14, "codename": "view_disciplineschedule"}}, {"model": "auth.permission", "pk": 57, "fields": {"name": "Can add Token", "content_type": 15, "codename": "add_token"}}, {"model": "auth.permission", "pk": 58, "fields": {"name": "Can change Token", "content_type": 15, "codename": "change_token"}}, {"model": "auth.permission", "pk": 59, "fields": {"name": "Can delete Token", "content_type": 15, "codename": "delete_token"}}, {"model": "auth.permission", "pk": 60, "fields": {"name": "Can view Token", "content_type": 15, "codename": "view_token"}}, {"model": "auth.permission", "pk": 61, "fields": {"name": "Can add survey", "content_type": 16, "codename": "add_survey"}}, {"model": "auth.permission", "pk": 62, "fields": {"name": "Can change survey", "content_type": 16, "codename": "change_survey"}}, {"model": "auth.permission", "pk": 63, "fields": {"name": "Can delete survey", "content_type": 16, "codename": "delete_survey"}}, {"model": "auth.permission", "pk": 64, "fields": {"name": "Can view survey", "content_type": 16, "codename": "view_survey"}}, {"model": "auth.permission", "pk": 65, "fields": {"name": "Can add answer", "content_type": 17, "codename": "add_answer"}}, {"model": "auth.permission", "pk": 66, "fields": {"name": "Can change answer", "content_type": 17, "codename": "change_answer"}}, {"model": "auth.permission", "pk": 67, "fields": {"name": "Can delete answer", "content_type": 17, "codename": "delete_answer"}}, {"model": "auth.permission", "pk": 68, "fields": {"name": "Can view answer", "content_type": 17, "codename": "view_answer"}}, {"model": "auth.permission", "pk": 69, "fields": {"name": "Can add question", "content_type": 18, "codename": "add_question"}}, {"model": "auth.permission", "pk": 70, "fields": {"name": "Can change question", "content_type": 18, "codename": "change_question"}}, {"model": "auth.permission", "pk": 71, "fields": {"name": "Can delete question", "content_type": 18, "codename": "delete_question"}}, {"model": "auth.permission", "pk": 72, "fields": {"name": "Can view question", "content_type": 18, "codename": "view_question"}}, {"model": "auth.permission", "pk": 73, "fields": {"name": "Can add question resolve log", "content_type": 19, "codename": "add_questionresolvelog"}}, {"model": "auth.permission", "pk": 74, "fields": {"name": "Can change question resolve log", "content_type": 19, "codename": "change_questionresolvelog"}}, {"model": "auth.permission", "pk": 75, "fields": {"name": "Can delete question resolve log", "content_type": 19, "codename": "delete_questionresolvelog"}}, {"model": "auth.permission", "pk": 76, "fields": {"name": "Can view question resolve log", "content_type": 19, "codename": "view_questionresolvelog"}}, {"model": "auth.permission", "pk": 77, "fields": {"name": "Can add survey resolve log", "content_type": 19, "codename": "add_surveyresolvelog"}}, {"model": "auth.permission", "pk": 78, "fields": {"name": "Can change survey resolve log", "content_type": 19, "codename": "change_surveyresolvelog"}}, {"model": "auth.permission", "pk": 79, "fields": {"name": "Can delete survey resolve log", "content_type": 19, "codename": "delete_surveyresolvelog"}}, {"model": "auth.permission", "pk": 80, "fields": {"name": "Can view survey resolve log", "content_type": 19, "codename": "view_surveyresolvelog"}}, {"model": "auth.permission", "pk": 81, "fields": {"name": "Can add Password Reset Token", "content_type": 20, "codename": "add_resetpasswordtoken"}}, {"model": "auth.permission", "pk": 82, "fields": {"name": "Can change Password Reset Token", "content_type": 20, "codename": "change_resetpasswordtoken"}}, {"model": "auth.permission", "pk": 83, "fields": {"name": "Can delete Password Reset Token", "content_type": 20, "codename": "delete_resetpasswordtoken"}}, {"model": "auth.permission", "pk": 84, "fields": {"name": "Can view Password Reset Token", "content_type": 20, "codename": "view_resetpasswordtoken"}}, {"model": "auth.permission", "pk": 85, "fields": {"name": "Can add auth token pass reset", "content_type": 21, "codename": "add_authtokenpassreset"}}, {"model": "auth.permission", "pk": 86, "fields": {"name": "Can change auth token pass reset", "content_type": 21, "codename": "change_authtokenpassreset"}}, {"model": "auth.permission", "pk": 87, "fields": {"name": "Can delete auth token pass reset", "content_type": 21, "codename": "delete_authtokenpassreset"}}, {"model": "auth.permission", "pk": 88, "fields": {"name": "Can view auth token pass reset", "content_type": 21, "codename": "view_authtokenpassreset"}}, {"model": "uni_system_api.uniuser", "pk": 1, "fields": {"password": "pbkdf2_sha256$150000$kM48t8PiLNav$MKGFuP29S/0/IwNJ7vYtElahJpalIsecwSWNVAyzJF8=", "last_login": "2019-12-12T13:40:43.640Z", "is_superuser": true, "username": "student", "first_name": "Gosho1", "last_name": "Vankov", "is_staff": true, "is_active": true, "date_joined": "2019-11-01T00:00:00Z", "surname": "Iliev", "email": "b.tumbev@code-nest.com", "groups": [], "user_permissions": [], "roles": [1]}}, {"model": "uni_system_api.uniuser", "pk": 2, "fields": {"password": "pbkdf2_sha256$150000$oH8lnHs1LbTL$iCAa/81dA+TigtyOGnjnuGJasMt+pSAXmxO5W1gTOeI=", "last_login": null, "is_superuser": false, "username": "mitko", "first_name": "mitaka", "last_name": "mishakov", "is_staff": false, "is_active": true, "date_joined": "2019-11-07T09:02:24.676Z", "surname": "dimitrov", "email": "student2@student.com", "groups": [], "user_permissions": [], "roles": [1]}}, {"model": "uni_system_api.uniuser", "pk": 3, "fields": {"password": "pbkdf2_sha256$150000$brdXTk0OVEV0$cvXMP9PcPA/fKImXfFXipKtwIgEiSTQtKkh9LGbSCNQ=", "last_login": null, "is_superuser": false, "username": "zoro", "first_name": "zorev", "last_name": "sor", "is_staff": false, "is_active": true, "date_joined": "2019-11-08T11:10:24.663Z", "surname": "zor", "email": "student3@student.com", "groups": [], "user_permissions": [], "roles": [1]}}, {"model": "uni_system_api.uniuser", "pk": 4, "fields": {"password": "pbkdf2_sha256$150000$oZP1zps3Pggd$/H5cvDN1pVv5gOqu1DdC7SEQafpxcjN8wHzKQMGD2FQ=", "last_login": null, "is_superuser": false, "username": "teacher", "first_name": "teacher", "last_name": "teacher", "is_staff": false, "is_active": true, "date_joined": "2019-11-22T12:58:05.843Z", "surname": "teacher", "email": "teacher@teacher.com", "groups": [], "user_permissions": [], "roles": [2]}}, {"model": "uni_system_api.teacherprofile", "pk": 1, "fields": {"user": 4, "faculty": "FEA", "created": "2019-11-22T12:58:05.980Z", "updated": "2019-11-22T12:58:05.980Z", "groups": [1, 3, 4]}}, {"model": "uni_system_api.studentprofile", "pk": 2, "fields": {"user": 1, "student_num": 19154562, "qualification_type": "BD", "group": 1, "faculty": "FEA", "semester": 1, "created": "2019-11-04T00:00:00Z", "updated": "2019-11-04T00:00:00Z"}}, {"model": "uni_system_api.studentprofile", "pk": 3, "fields": {"user": 2, "student_num": 19158649, "qualification_type": "BD", "group": 3, "faculty": "FEA", "semester": 1, "created": "2019-11-07T09:02:24.943Z", "updated": "2019-11-07T09:02:24.943Z"}}, {"model": "uni_system_api.studentprofile", "pk": 4, "fields": {"user": 3, "student_num": 19224169, "qualification_type": "MD", "group": 4, "faculty": "FMU", "semester": 2, "created": "2019-11-08T11:10:24.979Z", "updated": "2019-11-08T11:10:24.979Z"}}, {"model": "uni_system_api.surveyresolvelog", "pk": 1, "fields": {"user": 1, "survey": 4, "question": 3, "answer": 5, "created": "2019-11-19T14:56:44.596Z"}}, {"model": "uni_system_api.surveyresolvelog", "pk": 2, "fields": {"user": 1, "survey": 4, "question": 4, "answer": 7, "created": "2019-11-19T14:56:44.598Z"}}, {"model": "uni_system_api.surveyresolvelog", "pk": 3, "fields": {"user": 2, "survey": 4, "question": 3, "answer": 5, "created": "2019-11-21T00:00:00Z"}}, {"model": "uni_system_api.surveyresolvelog", "pk": 4, "fields": {"user": 2, "survey": 4, "question": 4, "answer": 7, "created": "2019-11-21T00:00:00Z"}}, {"model": "uni_system_api.surveyresolvelog", "pk": 5, "fields": {"user": 3, "survey": 4, "question": 3, "answer": 6, "created": "2019-11-22T00:00:00Z"}}, {"model": "uni_system_api.surveyresolvelog", "pk": 6, "fields": {"user": 1, "survey": 3, "question": 1, "answer": 2, "created": "2019-11-26T15:02:19.253Z"}}, {"model": "uni_system_api.surveyresolvelog", "pk": 7, "fields": {"user": 1, "survey": 3, "question": 2, "answer": 3, "created": "2019-11-26T15:02:19.293Z"}}, {"model": "authtoken.token", "pk": "0fffcb38581bbd68ba8f236f6f437021d15b0e36", "fields": {"user": 1, "created": "2019-12-12T13:40:43.636Z"}}]